-- Inserciones
INSERT INTO Usuarios (idUsuario, Nombre, ApellidoPaterno, ApellidoMaterno, CorreoElectronico, Telefono, Direccion)
VALUES 

(1, 'Mario', 'López', 'Jiménez', 'mario.lopez@example.com', '5512345701', 'Calle Primavera 101, Ciudad'),
(2, 'Alicia', 'Hernández', 'Martínez', 'alicia.hernandez@example.com', '5512345702', 'Av. Los Pinos 22, Ciudad'),
(3, 'Eduardo', 'García', 'Pérez', 'eduardo.garcia@example.com', '5512345703', 'Calle del Árbol 33, Ciudad'),
(4, 'Lorena', 'Torres', 'Ruiz', 'lorena.torres@example.com', '5512345704', 'Calle 4 de Julio 112, Ciudad'),
(5, 'Héctor', 'Sánchez', 'Gómez', 'hector.sanchez@example.com', '5512345705', 'Av. Juárez 55, Ciudad'),
(6, 'Patricia', 'Martínez', 'Sosa', 'patricia.martinez@example.com', '5512345706', 'Calle Colón 78, Ciudad'),
(7, 'Arturo', 'Reyes', 'Hernández', 'arturo.reyes@example.com', '5512345707', 'Calle 16 de Septiembre 9, Ciudad'),
(8, 'Luisa', 'Moreno', 'Méndez', 'luisa.moreno@example.com', '5512345708', 'Av. Insurgentes 202, Ciudad'),
(9, 'Fernando', 'Cruz', 'Ramírez', 'fernando.cruz@example.com', '5512345709', 'Calle Francisco I. Madero 12, Ciudad'),
(10, 'Rocío', 'Castillo', 'López', 'rocio.castillo@example.com', '5512345710', 'Calle Revolución 34, Ciudad'),
(11, 'Martín', 'Paredes', 'González', 'martin.paredes@example.com', '5512345711', 'Av. Universidad 54, Ciudad'),
(12, 'Carolina', 'Flores', 'Aguilar', 'carolina.flores@example.com', '5512345712', 'Calle Reforma 23, Ciudad'),
(13, 'José', 'Vargas', 'Ibarra', 'jose.vargas@example.com', '5512345713', 'Calle 5 de Mayo 67, Ciudad'),
(14, 'Mariana', 'Navarro', 'Rosales', 'mariana.navarro@example.com', '5512345714', 'Calle Hidalgo 17, Ciudad'),
(15, 'Rafael', 'Ramos', 'Bautista', 'rafael.ramos@example.com', '5512345715', 'Calle Morelos 18, Ciudad'),
(16, 'Cristina', 'Santos', 'Carrillo', 'cristina.santos@example.com', '5512345716', 'Calle Allende 56, Ciudad'),
(17, 'Rubén', 'Hernández', 'Martínez', 'ruben.hernandez@example.com', '5512345717', 'Av. de la Paz 30, Ciudad'),
(18, 'Sofía', 'Rivera', 'Núñez', 'sofia.rivera@example.com', '5512345718', 'Calle Zapata 15, Ciudad'),
(19, 'Miguel', 'Álvarez', 'Guerrero', 'miguel.alvarez@example.com', '5512345719', 'Calle Hidalgo 112, Ciudad'),
(20, 'Beatriz', 'Jiménez', 'Montoya', 'beatriz.jimenez@example.com', '5512345720', 'Av. Central 51, Ciudad'),
(21, 'Jorge', 'Fuentes', 'Camacho', 'jorge.fuentes@example.com', '5512345721', 'Calle Morelos 89, Ciudad'),
(22, 'Laura', 'Galván', 'Medina', 'laura.galvan@example.com', '5512345722', 'Calle Matamoros 31, Ciudad'),
(23, 'Humberto', 'Delgado', 'Villanueva', 'humberto.delgado@example.com', '5512345723', 'Calle Zaragoza 63, Ciudad'),
(24, 'Ana', 'Espinosa', 'Torres', 'ana.espinosa@example.com', '5512345724', 'Calle Revolución 24, Ciudad'),
(25, 'Ricardo', 'Durán', 'Valenzuela', 'ricardo.duran@example.com', '5512345725', 'Calle Lerdo 45, Ciudad'),
(26, 'Blanca', 'Peña', 'Campos', 'blanca.pena@example.com', '5512345726', 'Av. Hidalgo 77, Ciudad'),
(27, 'Manuel', 'Suárez', 'Herrera', 'manuel.suarez@example.com', '5512345727', 'Calle Reforma 90, Ciudad'),
(28, 'Gloria', 'Lara', 'Martínez', 'gloria.lara@example.com', '5512345728', 'Calle Independencia 12, Ciudad'),
(29, 'Julio', 'Ortega', 'Soto', 'julio.ortega@example.com', '5512345729', 'Av. Morelos 76, Ciudad'),
(30, 'Daniel', 'Zúñiga', 'Vargas', 'daniel.zuniga@example.com', '5512345730', 'Calle Central 11, Ciudad'),
(31, 'María', 'Rangel', 'Gómez', 'maria.rangel@example.com', '5512345731', 'Calle San Luis 22, Ciudad'),
(32, 'Fabiola', 'Valdez', 'Molina', 'fabiola.valdez@example.com', '5512345732', 'Calle Constitución 45, Ciudad'),
(33, 'Roberto', 'Cervantes', 'Vázquez', 'roberto.cervantes@example.com', '5512345733', 'Calle Hidalgo 81, Ciudad'),
(34, 'Lidia', 'Carrillo', 'Salinas', 'lidia.carrillo@example.com', '5512345734', 'Calle Benito Juárez 56, Ciudad'),
(35, 'Vicente', 'Mejía', 'Ortiz', 'vicente.mejia@example.com', '5512345735', 'Calle La Paz 14, Ciudad'),
(36, 'Irene', 'Serrano', 'Pérez', 'irene.serrano@example.com', '5512345736', 'Calle del Sol 88, Ciudad'),
(37, 'Mauricio', 'Pérez', 'Garza', 'mauricio.perez@example.com', '5512345737', 'Calle del Río 34, Ciudad'),
(38, 'Claudia', 'Miranda', 'Romero', 'claudia.miranda@example.com', '5512345738', 'Calle Independencia 56, Ciudad'),
(39, 'Ángel', 'Rojas', 'López', 'angel.rojas@example.com', '5512345739', 'Calle Hidalgo 21, Ciudad'),
(40, 'Aurelio', 'Salazar', 'Fuentes', 'aurelio.salazar@example.com', '5512345740', 'Calle 5 de Febrero 78, Ciudad'),
(41, 'Silvia', 'Pacheco', 'Vega', 'silvia.pacheco@example.com', '5512345741', 'Av. del Sol 22, Ciudad'),
(42, 'Margarita', 'Campos', 'Lara', 'margarita.campos@example.com', '5512345742', 'Calle 16 de Septiembre 14, Ciudad'),
(43, 'Armando', 'Castañeda', 'Zavala', 'armando.castaneda@example.com', '5512345743', 'Calle Allende 23, Ciudad'),
(44, 'Teresa', 'Martínez', 'Hernández', 'teresa.martinez@example.com', '5512345744', 'Calle Morelos 11, Ciudad'),
(45, 'Pablo', 'López', 'González', 'pablo.lopez@example.com', '5512345745', 'Calle Hidalgo 45, Ciudad'),
(46, 'Lucrecia', 'Guerrero', 'Núñez', 'lucrecia.guerrero@example.com', '5512345746', 'Calle Reforma 31, Ciudad'),
(47, 'Ignacio', 'Sandoval', 'Martínez', 'ignacio.sandoval@example.com', '5512345747', 'Calle Central 56, Ciudad'),
(48, 'Rosalía', 'Orozco', 'Morales', 'rosalia.orozco@example.com', '5512345748', 'Av. del Valle 67, Ciudad'),
(49, 'César', 'Guzmán', 'Velázquez', 'cesar.guzman@example.com', '5512345749', 'Calle Tlalpan 34, Ciudad'),
(50, 'Carla', 'Hernández', 'López', 'carla.hernandez@example.com', '5512345750', 'Calle San Juan 23, Ciudad'),
(51, 'Elena', 'Rivera', 'Mendoza', 'elena.rivera@example.com', '5512345751', 'Calle Madero 78, Ciudad'),
(52, 'Joaquín', 'Castro', 'Sánchez', 'joaquin.castro@example.com', '5512345752', 'Calle de la Luz 11, Ciudad'),
(53, 'Mónica', 'Sierra', 'Torres', 'monica.sierra@example.com', '5512345753', 'Calle de los Ángeles 54, Ciudad'),
(54, 'Héctor', 'Romero', 'Martínez', 'hector.romero@example.com', '5512345754', 'Av. Tepic 34, Ciudad'),
(55, 'Isabel', 'Serrano', 'López', 'isabel.serrano@example.com', '5512345755', 'Calle Las Palmas 78, Ciudad'),
(56, 'Tomás', 'Herrera', 'Gutiérrez', 'tomas.herrera@example.com', '5512345756', 'Calle Donceles 21, Ciudad'),
(57, 'Elena', 'Monroy', 'Sánchez', 'elena.monroy@example.com', '5512345757', 'Calle Cuauhtémoc 12, Ciudad'),
(58, 'Felipe', 'Vargas', 'Romero', 'felipe.vargas@example.com', '5512345758', 'Calle Lázaro Cárdenas 5, Ciudad'),
(59, 'Margarita', 'Santiago', 'Ramos', 'margarita.santiago@example.com', '5512345759', 'Av. Benito Juárez 98, Ciudad'),
(60, 'Jesús', 'Núñez', 'Cordero', 'jesus.nunez@example.com', '5512345760', 'Calle Oaxaca 45, Ciudad'),
(61, 'Mauricio', 'Jiménez', 'Vázquez', 'mauricio.jimenez@example.com', '5512345761', 'Calle Nogales 23, Ciudad'),
(62, 'Leticia', 'Palacios', 'García', 'leticia.palacios@example.com', '5512345762', 'Calle Santa Fe 45, Ciudad'),
(63, 'Ernesto', 'Morales', 'Cordero', 'ernesto.morales@example.com', '5512345763', 'Calle Los Olivos 78, Ciudad'),
(64, 'Olga', 'Bermúdez', 'López', 'olga.bermudez@example.com', '5512345764', 'Av. México 23, Ciudad'),
(65, 'Raúl', 'Sánchez', 'Cordero', 'raul.sanchez@example.com', '5512345765', 'Calle del Sol 56, Ciudad'),
(66, 'Celia', 'Vázquez', 'Torres', 'celia.vazquez@example.com', '5512345766', 'Calle Santa Anita 34, Ciudad'),
(67, 'Alicia', 'Valdés', 'Gómez', 'alicia.valdes@example.com', '5512345767', 'Calle Bolívar 90, Ciudad'),
(68, 'Armando', 'Soto', 'Torres', 'armando.soto@example.com', '5512345768', 'Av. Oaxaca 78, Ciudad'),
(69, 'Patricia', 'Fernández', 'Gómez', 'patricia.fernandez@example.com', '5512345769', 'Calle de la Merced 33, Ciudad'),
(70, 'Rogelio', 'Vázquez', 'Martínez', 'rogelio.vazquez@example.com', '5512345770', 'Calle Reforma 9, Ciudad'),
(71, 'Miguel', 'Hernández', 'Salazar', 'miguel.hernandez@example.com', '5512345771', 'Calle del Río 56, Ciudad'),
(72, 'Raúl', 'González', 'Méndez', 'raul.gonzalez@example.com', '5512345772', 'Calle 5 de Febrero 90, Ciudad'),
(73, 'Gonzalo', 'Ramírez', 'Martínez', 'gonzalo.ramirez@example.com', '5512345773', 'Calle del Sol 98, Ciudad'),
(74, 'Sandra', 'López', 'Serrano', 'sandra.lopez@example.com', '5512345774', 'Calle del Río 78, Ciudad'),
(75, 'Antonio', 'Núñez', 'González', 'antonio.nunez@example.com', '5512345775', 'Calle Ahuatlán 12, Ciudad'),
(76, 'Luz', 'Montoya', 'Cordero', 'luz.montoya@example.com', '5512345776', 'Av. Hidalgo 34, Ciudad'),
(77, 'Carlos', 'Herrera', 'Hernández', 'carlos.herrera@example.com', '5512345777', 'Calle La Palma 34, Ciudad'),
(78, 'Jorge', 'Escobar', 'González', 'jorge.escobar@example.com', '5512345778', 'Calle del Árbol 33, Ciudad'),
(79, 'Jessica', 'Sánchez', 'Ramírez', 'jessica.sanchez@example.com', '5512345779', 'Calle de la Luz 34, Ciudad'),
(80, 'Pedro', 'Ruiz', 'Rodríguez', 'pedro.ruiz@example.com', '5512345780', 'Av. de las Torres 76, Ciudad'),
(81, 'Adriana', 'Marín', 'Bermúdez', 'adriana.marin@example.com', '5512345781', 'Calle Plateros 11, Ciudad'),
(82, 'Marta', 'González', 'Hernández', 'marta.gonzalez@example.com', '5512345782', 'Calle de la Merced 12, Ciudad'),
(83, 'Miguel', 'Vargas', 'Gómez', 'miguel.vargas@example.com', '5512345783', 'Calle Pino Suárez 45, Ciudad'),
(84, 'Raúl', 'Serrano', 'López', 'raul.serrano@example.com', '5512345784', 'Calle 2 de Abril 98, Ciudad'),
(85, 'Claudia', 'Barrera', 'Gutiérrez', 'claudia.barrera@example.com', '5512345785', 'Calle la Cañada 12, Ciudad'),
(86, 'José', 'Castro', 'Gómez', 'jose.castro@example.com', '5512345786', 'Calle del Sol 23, Ciudad'),
(87, 'Olga', 'Pérez', 'Martínez', 'olga.perez@example.com', '5512345787', 'Av. Toluca 76, Ciudad'),
(88, 'Alfredo', 'Morales', 'Ramírez', 'alfredo.morales@example.com', '5512345788', 'Calle Nueva 89, Ciudad'),
(89, 'Gabriel', 'González', 'Torres', 'gabriel.gonzalez@example.com', '5512345789', 'Calle Moctezuma 45, Ciudad'),
(90, 'Rosalía', 'Castillo', 'López', 'rosalia.castillo@example.com', '5512345790', 'Calle Guadalupe 90, Ciudad'),
(91, 'Luis', 'Castro', 'Hernández', 'luis.castro@example.com', '5512345791', 'Calle Camino Real 32, Ciudad'),
(92, 'Fernando', 'Gómez', 'Serrano', 'fernando.gomez@example.com', '5512345792', 'Calle Reforma 77, Ciudad'),
(93, 'Luis', 'Serrano', 'Bermúdez', 'luis.serrano@example.com', '5512345793', 'Calle Xochimilco 11, Ciudad'),
(94, 'Víctor', 'Jiménez', 'Ruiz', 'victor.jimenez@example.com', '5512345794', 'Calle Zapata 78, Ciudad'),
(95, 'Antonio', 'Ramírez', 'Bermúdez', 'antonio.ramirez@example.com', '5512345795', 'Calle de los Maestros 23, Ciudad'),
(96, 'Elena', 'Salazar', 'Torres', 'elena.salazar@example.com', '5512345796', 'Calle Reforma 45, Ciudad'),
(97, 'Carlos', 'Martínez', 'Pérez', 'carlos.martinez@example.com', '5512345797', 'Calle de los Ángeles 34, Ciudad'),
(98, 'Alejandra', 'Hernández', 'Ruiz', 'alejandra.hernandez@example.com', '5512345798', 'Calle 12 de Octubre 23, Ciudad'),
(99, 'Guillermo', 'Bermúdez', 'Morales', 'guillermo.bermudez@example.com', '5512345799', 'Av. Universidad 99, Ciudad'),
(100, 'Julio', 'Torres', 'López', 'julio.torres@example.com', '5512345800', 'Calle Guerrero 20, Ciudad');







select * from Tecnicos;

INSERT INTO ModelosEquipos (IdModeloEquipo, Marca, Modelo, Tipo)
VALUES 
(1, 'Samsung', 'Galaxy S22', 'Teléfono móvil'),
(2, 'Apple', 'iPhone 13', 'Teléfono móvil'),
(3, 'Dell', 'Inspiron 15', 'Computadora'),
(4, 'HP', 'Omen 17', 'Computadora'),
(5, 'Lenovo', 'Legion 5', 'Computadora'),
(6, 'Sony', 'Bravia A80J', 'Televisor'),
(7, 'LG', 'NanoCell 75', 'Televisor'),
(8, 'Xiaomi', 'Redmi Note 10 Pro', 'Teléfono móvil'),
(9, 'Huawei', 'Mate 40', 'Teléfono móvil'),
(10, 'Microsoft', 'Surface Pro 8', 'Tablet'),
(11, 'Acer', 'Nitro 5', 'Computadora'),
(12, 'Asus', 'TUF Gaming F15', 'Computadora'),
(13, 'Toshiba', 'Dynabook Tecra', 'Computadora'),
(14, 'Google', 'Pixel 6', 'Teléfono móvil'),
(15, 'Motorola', 'Edge 20', 'Teléfono móvil'),
(16, 'Nokia', 'G50', 'Teléfono móvil'),
(17, 'Vizio', 'P-Series Quantum', 'Televisor'),
(18, 'OnePlus', 'Nord 2', 'Teléfono móvil'),
(19, 'Oppo', 'Reno 6 Pro', 'Teléfono móvil'),
(20, 'Realme', 'GT Master Edition', 'Teléfono móvil'),
(21, 'Samsung', 'Galaxy A52', 'Teléfono móvil'),
(22, 'Apple', 'iPhone 12 Mini', 'Teléfono móvil'),
(23, 'Dell', 'Latitude 9510', 'Computadora'),
(24, 'HP', 'Elite Dragonfly', 'Computadora'),
(25, 'Lenovo', 'ThinkPad X13', 'Computadora'),
(26, 'Sony', 'Bravia Z9J', 'Televisor'),
(27, 'LG', 'QNED MiniLED 99', 'Televisor'),
(28, 'Xiaomi', 'Mi 11 Lite', 'Teléfono móvil'),
(29, 'Huawei', 'P50 Pro', 'Teléfono móvil'),
(30, 'Microsoft', 'Surface Laptop 4', 'Computadora'),
(31, 'Acer', 'Swift 3', 'Computadora'),
(32, 'Asus', 'ZenBook 14', 'Computadora'),
(33, 'Toshiba', 'Portégé X30L', 'Computadora'),
(34, 'Google', 'Pixel 5a', 'Teléfono móvil'),
(35, 'Motorola', 'Moto G60', 'Teléfono móvil'),
(36, 'Nokia', 'X20', 'Teléfono móvil'),
(37, 'Vizio', 'OLED 55-H1', 'Televisor'),
(38, 'OnePlus', '9R', 'Teléfono móvil'),
(39, 'Oppo', 'Find X2', 'Teléfono móvil'),
(40, 'Realme', '8 Pro', 'Teléfono móvil'),
(41, 'Samsung', 'Galaxy S20 FE', 'Teléfono móvil'),
(42, 'Apple', 'iPhone SE (2020)', 'Teléfono móvil'),
(43, 'Dell', 'Precision 5550', 'Computadora'),
(44, 'HP', 'Spectre x360', 'Computadora'),
(45, 'Lenovo', 'IdeaPad 5 Pro', 'Computadora'),
(46, 'Sony', 'X950H', 'Televisor'),
(47, 'LG', 'GX OLED', 'Televisor'),
(48, 'Xiaomi', 'Mi Note 10', 'Teléfono móvil'),
(49, 'Huawei', 'Mate X2', 'Teléfono móvil'),
(50, 'Microsoft', 'Surface Duo', 'Teléfono móvil'),
(51, 'Panasonic', 'Lumix GH5', 'Cámara'),
(52, 'Canon', 'EOS R5', 'Cámara'),
(53, 'Nikon', 'Z7 II', 'Cámara'),
(54, 'Fujifilm', 'X-T4', 'Cámara'),
(55, 'Olympus', 'OM-D E-M1 Mark III', 'Cámara'),
(56, 'Samsung', 'Galaxy Tab S7', 'Tablet'),
(57, 'Apple', 'iPad Pro 12.9', 'Tablet'),
(58, 'Lenovo', 'Yoga Smart Tab', 'Tablet'),
(59, 'Microsoft', 'Surface Go 3', 'Tablet'),
(60, 'Dell', 'XPS 13', 'Computadora'),
(61, 'HP', 'Pavilion x360', 'Computadora'),
(62, 'LG', 'UltraFine 5K', 'Monitor'),
(63, 'Samsung', 'Odyssey G9', 'Monitor'),
(64, 'Acer', 'Predator X34', 'Monitor'),
(65, 'Asus', 'ROG Swift PG259QN', 'Monitor'),
(66, 'BenQ', 'PD3220U', 'Monitor'),
(67, 'Sony', 'Alpha a7 III', 'Cámara'),
(68, 'DJI', 'Mavic Air 2', 'Dron'),
(69, 'Parrot', 'Anafi', 'Dron'),
(70, 'Autel Robotics', 'EVO Lite+', 'Dron');




INSERT INTO Equipos (IdEquipo, idUsuario, IdModelo, NumeroSerie, EstadoInicial)
VALUES 
(1, 1, 1, 'SN1234567911', 'Pantalla agrietada'),
(2, 2, 2, 'SN1234567912', 'No enciende'),
(3, 3, 3, 'SN1234567913', 'Problemas de batería'),
(4, 4, 4, 'SN1234567914', 'Rayones en carcasa'),
(5, 5, 5, 'SN1234567915', 'Altavoces dañados'),
(6, 6, 6, 'SN1234567916', 'Sin imagen en pantalla'),
(7, 7, 7, 'SN1234567917', 'Conector de carga dañado'),
(8, 8, 8, 'SN1234567918', 'Lento al encender'),
(9, 9, 9, 'SN1234567919', 'Sin señal'),
(10, 10, 10, 'SN1234567920', 'Pantalla rota'),
(11, 11, 11, 'SN2234567911', 'Sin problemas visibles'),
(12, 12, 12, 'SN2234567912', 'Lento en aplicaciones'),
(13, 13, 13, 'SN2234567913', 'Sin señal WiFi'),
(14, 14, 14, 'SN2234567914', 'Altavoces distorsionados'),
(15, 15, 15, 'SN2234567915', 'Problemas en el botón de encendido'),
(16, 16, 16, 'SN2234567916', 'Se reinicia solo'),
(17, 17, 17, 'SN2234567917', 'Problemas de carga'),
(18, 18, 18, 'SN2234567918', 'Sobrecalentamiento'),
(19, 19, 19, 'SN2234567919', 'Sin conexión WiFi'),
(20, 20, 20, 'SN2234567920', 'Daños en la carcasa'),
(21, 1, 1, 'SN1234567921', 'Pantalla rota'),
(22, 2, 2, 'SN1234567922', 'No enciende'),
(23, 3, 3, 'SN1234567923', 'Problemas de batería'),
(24, 4, 4, 'SN1234567924', 'Rayones en carcasa'),
(25, 5, 5, 'SN1234567925', 'Altavoces dañados'),
(26, 6, 6, 'SN1234567926', 'Sin imagen en pantalla'),
(27, 7, 7, 'SN1234567927', 'Conector de carga dañado'),
(28, 8, 8, 'SN1234567928', 'Lento al encender'),
(29, 9, 9, 'SN1234567929', 'Sin señal'),
(30, 10, 10, 'SN1234567930', 'Pantalla rota'),
(31, 11, 11, 'SN2234567921', 'Sin problemas visibles'),
(32, 12, 12, 'SN2234567922', 'Lento en aplicaciones'),
(33, 13, 13, 'SN2234567923', 'Sin señal WiFi'),
(34, 14, 14, 'SN2234567924', 'Altavoces distorsionados'),
(35, 15, 15, 'SN2234567925', 'Problemas en el botón de encendido'),
(36, 16, 16, 'SN2234567926', 'Se reinicia solo'),
(37, 17, 17, 'SN2234567927', 'Problemas de carga'),
(38, 18, 18, 'SN2234567928', 'Sobrecalentamiento'),
(39, 19, 19, 'SN2234567929', 'Sin conexión WiFi'),
(40, 20, 20, 'SN2234567930', 'Daños en la carcasa'),
(41, 1, 1, 'SN1234567931', 'Pantalla agrietada'),
(42, 2, 2, 'SN1234567932', 'No enciende'),
(43, 3, 3, 'SN1234567933', 'Problemas de batería'),
(44, 4, 4, 'SN1234567934', 'Rayones en carcasa'),
(45, 5, 5, 'SN1234567935', 'Altavoces dañados'),
(46, 6, 6, 'SN1234567936', 'Sin imagen en pantalla'),
(47, 7, 7, 'SN1234567937', 'Conector de carga dañado'),
(48, 8, 8, 'SN1234567938', 'Lento al encender'),
(49, 9, 9, 'SN1234567939', 'Sin señal'),
(50, 10, 10, 'SN1234567940', 'Pantalla rota'),
(51, 15, 15, 'SN1234567941', 'Problemas en el botón de volumen'),
(52, 16, 16, 'SN1234567942', 'Sobrecalentamiento frecuente'),
(53, 17, 17, 'SN1234567943', 'Sin respuesta táctil'),
(54, 18, 18, 'SN1234567944', 'Error en cámara frontal'),
(55, 19, 19, 'SN1234567945', 'Problema con Bluetooth'),
(56, 20, 20, 'SN1234567946', 'Pantalla parpadeante'),
(57, 11, 11, 'SN2234567931', 'Sin problemas visibles'),
(58, 12, 12, 'SN2234567932', 'Aplicaciones se cierran solas'),
(59, 13, 13, 'SN2234567933', 'Conector de auriculares dañado'),
(60, 14, 14, 'SN2234567934', 'Batería no carga'),
(61, 15, 15, 'SN2234567935', 'Altavoces con ruido'),
(62, 16, 16, 'SN2234567936', 'Pantalla agrietada'),
(63, 17, 17, 'SN2234567937', 'No enciende'),
(64, 18, 18, 'SN2234567938', 'Problemas de batería'),
(65, 19, 19, 'SN2234567939', 'Rayones en carcasa'),
(66, 20, 20, 'SN2234567940', 'Altavoces dañados'),
(67, 1, 1, 'SN1234567947', 'Sin imagen en pantalla'),
(68, 2, 2, 'SN1234567948', 'Conector de carga dañado'),
(69, 3, 3, 'SN1234567949', 'Lento al encender'),
(70, 4, 4, 'SN1234567950', 'Sin señal'),
(71, 5, 5, 'SN1234567951', 'Pantalla rota'),
(72, 6, 6, 'SN2234567941', 'Sin problemas visibles'),
(73, 7, 7, 'SN2234567942', 'Lento en aplicaciones'),
(74, 8, 8, 'SN2234567943', 'Sin señal WiFi'),
(75, 9, 9, 'SN2234567944', 'Altavoces distorsionados'),
(76, 10, 10, 'SN2234567945', 'Problemas en el botón de encendido'),
(77, 11, 11, 'SN2234567946', 'Se reinicia solo'),
(78, 12, 12, 'SN2234567947', 'Problemas de carga'),
(79, 13, 13, 'SN2234567948', 'Sobrecalentamiento'),
(80, 14, 14, 'SN2234567949', 'Sin conexión WiFi'),
(81, 15, 15, 'SN2234567950', 'Daños en la carcasa'),
(82, 16, 16, 'SN1234567952', 'Problemas en el botón de volumen'),
(83, 17, 17, 'SN1234567953', 'Sobrecalentamiento frecuente'),
(84, 18, 18, 'SN1234567954', 'Sin respuesta táctil'),
(85, 19, 19, 'SN1234567955', 'Error en cámara frontal'),
(86, 20, 20, 'SN1234567956', 'Problema con Bluetooth'),
(87, 11, 11, 'SN2234567951', 'Pantalla parpadeante'),
(88, 12, 12, 'SN2234567952', 'Aplicaciones se cierran solas'),
(89, 13, 13, 'SN2234567953', 'Conector de auriculares dañado'),
(90, 14, 14, 'SN2234567954', 'Batería no carga'),
(91, 15, 15, 'SN2234567955', 'Altavoces con ruido'),
(92, 16, 16, 'SN2234567956', 'Pantalla agrietada'),
(93, 17, 17, 'SN2234567957', 'No enciende'),
(94, 18, 18, 'SN2234567958', 'Problemas de batería'),
(95, 19, 19, 'SN2234567959', 'Rayones en carcasa'),
(96, 20, 20, 'SN2234567960', 'Altavoces dañados'),
(97, 1, 1, 'SN1234567961', 'Sin imagen en pantalla'),
(98, 2, 2, 'SN1234567962', 'Conector de carga dañado'),
(99, 3, 3, 'SN1234567963', 'Lento al encender'),
(100, 4, 4, 'SN1234567964', 'Sin señal');




INSERT INTO TicketsReparacion (IdTicketReparacion, IdEquipo, ProblemaReportado, IdTecnico, Estado)
VALUES 
(1, 1, 'Pantalla rota', 1, 'Pendiente'),
(2, 2, 'No enciende', 2, 'En Proceso'),
(3, 3, 'Problemas de batería', 3, 'Finalizado'),
(4, 4, 'Rayones en carcasa', 4, 'Pendiente'),
(5, 5, 'Altavoces dañados', 5, 'En Proceso'),
(6, 6, 'Sin imagen en pantalla', 6, 'Pendiente'),
(7, 7, 'Conector de carga dañado', 7, 'Finalizado'),
(8, 8, 'Lento al encender', 8, 'Pendiente'),
(9, 9, 'Sin señal', 9, 'Pendiente'),
(10, 10, 'Pantalla rota', 10, 'Pendiente'),
(11, 11, 'Batería dañada', 11, 'Finalizado'),
(12, 12, 'Problemas de software', 12, 'En Proceso'),
(13, 13, 'Rayones en pantalla', 13, 'Pendiente'),
(14, 14, 'Altavoces distorsionados', 14, 'Finalizado'),
(15, 15, 'Pantalla no responde', 15, 'En Proceso'),
(16, 16, 'Sin imagen en pantalla', 16, 'Pendiente'),
(17, 17, 'Problemas de conectividad', 17, 'Finalizado'),
(18, 18, 'Batería agotada rápidamente', 18, 'En Proceso'),
(19, 19, 'Pantalla negra', 19, 'Pendiente'),
(20, 20, 'Botón de encendido dañado', 20, 'Pendiente'),
(21, 21, 'Sobrecalentamiento', 21, 'Pendiente'),
(22, 22, 'Problemas con el micrófono', 22, 'En Proceso'),
(23, 23, 'Altavoces rotos', 23, 'Pendiente'),
(24, 24, 'Lento al iniciar', 24, 'Finalizado'),
(25, 25, 'No se conecta al Wi-Fi', 25, 'Pendiente'),
(26, 6, 'Falla en la cámara', 6, 'En Proceso'),
(27, 7, 'Rayones en la carcasa', 7, 'Finalizado'),
(28, 28, 'Problemas con el conector de audífonos', 28, 'Pendiente'),
(29, 19, 'No enciende la pantalla', 19, 'Pendiente'),
(30, 10, 'Problemas con el sonido', 10, 'Finalizado'),
(31, 11, 'Pantalla distorsionada', 11, 'En Proceso'),
(32, 1, 'Conector de carga flojo', 1, 'Pendiente'),
(33, 23, 'Sobrecalentamiento en uso', 23, 'Pendiente'),
(34, 24, 'Batería drenada', 24, 'Finalizado'),
(35, 25, 'Conectividad intermitente', 25, 'Pendiente'),
(36, 16, 'Pantalla dañada', 16, 'Finalizado'),
(37, 17, 'Problemas de actualización', 17, 'En Proceso'),
(38, 13, 'Sin señal de red', 13, 'Finalizado'),
(39, 19, 'Pantalla con manchas', 19, 'Pendiente'),
(40, 20, 'Cámara no funciona', 20, 'Pendiente'),
(41, 1, 'Pantalla rota', 1, 'Finalizado'),
(42, 2, 'Problemas de conectividad Bluetooth', 2, 'Pendiente'),
(43, 4, 'Conector de audífonos dañado', 4, 'En Proceso'),
(44, 4, 'Falla en el teclado', 4, 'Pendiente'),
(45, 15, 'Problemas de almacenamiento', 15, 'Finalizado'),
(46, 26, 'Pantalla negra al encender', 26, 'Pendiente'),
(47, 27, 'Problemas de conexión', 27, 'Pendiente'),
(48, 20, 'Problemas de batería', 20, 'Finalizado'),
(49, 19, 'No enciende', 19, 'Pendiente'),
(50, 28, 'Problemas de pantalla', 28, 'En Proceso'),
(51, 1, 'No carga la batería', 1, 'Pendiente'),
(52, 2, 'Altavoces sin sonido', 2, 'En Proceso'),
(53, 3, 'Sin conexión a Wi-Fi', 3, 'Finalizado'),
(54, 4, 'Rayones en la pantalla', 4, 'Pendiente'),
(55, 5, 'Sobrecalentamiento en uso', 5, 'En Proceso'),
(56, 6, 'Problemas de software', 6, 'Pendiente'),
(57, 7, 'Pantalla sin respuesta táctil', 7, 'Finalizado'),
(58, 8, 'Conector de carga dañado', 8, 'Pendiente'),
(59, 9, 'Sin señal de red', 9, 'Pendiente'),
(60, 10, 'Batería no retiene carga', 10, 'Pendiente'),
(61, 11, 'Pantalla rota', 11, 'Finalizado'),
(62, 12, 'Problemas de conectividad', 12, 'En Proceso'),
(63, 13, 'Cámara borrosa', 13, 'Pendiente'),
(64, 14, 'Pantalla con puntos negros', 14, 'Finalizado'),
(65, 15, 'Sin audio en llamadas', 15, 'En Proceso'),
(66, 16, 'Problemas de carga lenta', 16, 'Pendiente'),
(67, 17, 'Error en el sistema operativo', 17, 'Finalizado'),
(68, 18, 'Lento al iniciar aplicaciones', 18, 'En Proceso'),
(69, 19, 'Pantalla parpadeante', 19, 'Pendiente'),
(70, 20, 'Problemas con el botón de inicio', 20, 'Pendiente'),
(71, 21, 'Altavoces distorsionados', 21, 'Pendiente'),
(72, 22, 'Conexión Bluetooth inestable', 22, 'En Proceso'),
(73, 23, 'Pantalla rota', 23, 'Pendiente'),
(74, 24, 'Conector de audífonos sin sonido', 24, 'Finalizado'),
(75, 25, 'Sobrecalentamiento al cargar', 25, 'Pendiente'),
(76, 26, 'Falla en cámara frontal', 26, 'En Proceso'),
(77, 27, 'Rayones en la carcasa trasera', 27, 'Finalizado'),
(78, 28, 'Pantalla sin brillo', 28, 'Pendiente'),
(79, 1, 'Botón de volumen atascado', 1, 'Pendiente'),
(80, 2, 'Sin vibración', 2, 'Finalizado'),
(81, 3, 'Problemas en el micrófono', 3, 'En Proceso'),
(82, 4, 'Sin respuesta al encender', 4, 'Pendiente'),
(83, 5, 'Cámara no se abre', 5, 'Pendiente'),
(84, 6, 'Error de almacenamiento', 6, 'Finalizado'),
(85, 7, 'Pantalla con líneas horizontales', 7, 'Pendiente'),
(86, 8, 'Conector de carga flojo', 8, 'Finalizado'),
(87, 9, 'Sin señal GPS', 9, 'En Proceso'),
(88, 10, 'Altavoces sin volumen', 10, 'Finalizado'),
(89, 11, 'Pantalla negra al iniciar', 11, 'Pendiente'),
(90, 12, 'Problemas de carga rápida', 12, 'Pendiente'),
(91, 13, 'Problemas de conectividad celular', 13, 'Finalizado'),
(92, 14, 'Cámara con imagen borrosa', 14, 'Pendiente'),
(93, 15, 'Problema en el botón de encendido', 15, 'En Proceso'),
(94, 16, 'Lento al navegar', 16, 'Pendiente'),
(95, 17, 'Problemas en la pantalla táctil', 17, 'Finalizado'),
(96, 18, 'Problema en la batería', 18, 'Pendiente'),
(97, 19, 'Rayones en el cuerpo', 19, 'Pendiente'),
(98, 20, 'Altavoces con eco', 20, 'Finalizado'),
(99, 21, 'Pantalla sin respuesta', 21, 'Pendiente'),
(100, 22, 'Problema con el micrófono', 22, 'Pendiente');



select * from Tecnicos;

INSERT INTO Refacciones (idRefaccion, NombreRefaccion, CantidadDisponible, PrecioUnitario)
VALUES 
(1, 'Pantalla Samsung Galaxy S22', 10, 260.00),
(2, 'Batería iPhone 13', 5, 160.00),
(3, 'Teclado Dell Inspiron 15', 7, 75.00),
(4, 'Pantalla HP Omen 17', 8, 220.00),
(5, 'Batería Lenovo Legion 5', 12, 190.00),
(6, 'Altavoces Sony Bravia A80J', 6, 300.00),
(7, 'Pantalla LG NanoCell 75', 4, 400.00),
(8, 'Pantalla Xiaomi Redmi Note 10 Pro', 9, 230.00),
(9, 'Pantalla Huawei Mate 40', 8, 220.00),
(10, 'Teclado Microsoft Surface Pro 8', 5, 180.00),
(11, 'Pantalla Acer Nitro 5', 10, 200.00),
(12, 'Pantalla Asus TUF Gaming F15', 4, 250.00),
(13, 'Batería Toshiba Dynabook Tecra', 15, 140.00),
(14, 'Pantalla Google Pixel 6', 6, 250.00),
(15, 'Pantalla Motorola Edge 20', 8, 170.00),
(16, 'Pantalla Nokia G50', 12, 50.00),
(17, 'Altavoces Vizio P-Series Quantum', 7, 300.00),
(18, 'Pantalla OnePlus Nord 2', 5, 240.00),
(19, 'Pantalla Oppo Reno 6 Pro', 9, 260.00),
(20, 'Pantalla Realme GT Master Edition', 10, 220.00),
(21, 'Pantalla Samsung Galaxy A52', 10, 260.00),
(22, 'Batería iPhone 12 Mini', 5, 160.00),
(23, 'Teclado Dell Latitude 9510', 7, 75.00),
(24, 'Pantalla HP Elite Dragonfly', 8, 220.00),
(25, 'Batería Lenovo ThinkPad X13', 12, 190.00),
(26, 'Altavoces Sony Bravia Z9J', 6, 300.00),
(27, 'Pantalla LG QNED MiniLED 99', 4, 400.00),
(28, 'Pantalla Xiaomi Mi 11 Lite', 9, 230.00),
(29, 'Pantalla Huawei P50 Pro', 8, 220.00),
(30, 'Teclado Microsoft Surface Laptop 4', 5, 180.00),
(31, 'Pantalla Acer Swift 3', 10, 200.00),
(32, 'Pantalla Asus ZenBook 14', 4, 250.00),
(33, 'Batería Toshiba Portégé X30L', 15, 140.00),
(34, 'Pantalla Google Pixel 5a', 6, 250.00),
(35, 'Pantalla Motorola Moto G60', 8, 170.00),
(36, 'Pantalla Nokia X20', 12, 50.00),
(37, 'Altavoces Vizio OLED 55-H1', 7, 300.00),
(38, 'Pantalla OnePlus 9R', 5, 240.00),
(39, 'Pantalla Oppo Find X2', 9, 260.00),
(40, 'Pantalla Realme 8 Pro', 10, 220.00),
(41, 'Pantalla Samsung Galaxy S20 FE', 10, 260.00),
(42, 'Batería iPhone SE (2020)', 5, 160.00),
(43, 'Teclado Dell Precision 5550', 7, 75.00),
(44, 'Pantalla HP Spectre x360', 8, 220.00),
(45, 'Batería Lenovo IdeaPad 5 Pro', 12, 190.00),
(46, 'Altavoces Sony X950H', 6, 300.00),
(47, 'Pantalla LG GX OLED', 4, 400.00),
(48, 'Pantalla Xiaomi Mi Note 10', 9, 230.00),
(49, 'Pantalla Huawei Mate X2', 8, 220.00),
(50, 'Teclado Microsoft Surface Duo', 5, 180.00);


INSERT INTO DetallesReparacion (idDetalleReparacion, IdTicket, IdRefaccion, CantidadUsada)
VALUES 
(1, 1, 1, 1),
(2, 2, 2, 1),
(3, 3, 3, 1),
(4, 4, 4, 1),
(5, 5, 5, 1),
(6, 6, 6, 1),
(7, 7, 7, 1),
(8, 8, 8, 1),
(9, 9, 9, 1),
(10, 10, 10, 1),
(11, 11, 11, 1),
(12, 12, 12, 1),
(13, 13, 13, 1),
(14, 14, 14, 1),
(15, 15, 15, 1),
(16, 16, 16, 1),
(17, 17, 17, 1),
(18, 18, 18, 1),
(19, 19, 19, 1),
(20, 20, 20, 1),
(21, 21, 21, 1),
(22, 22, 22, 1),
(23, 23, 23, 1),
(24, 24, 24, 1),
(25, 25, 25, 1),
(26, 26, 26, 1),
(27, 27, 27, 1),
(28, 28, 28, 1),
(29, 29, 29, 1),
(30, 30, 30, 1),
(31, 31, 31, 1),
(32, 32, 32, 1),
(33, 33, 33, 1),
(34, 34, 34, 1),
(35, 35, 35, 1),
(36, 36, 36, 1),
(37, 37, 37, 1),
(38, 38, 38, 1),
(39, 39, 39, 1),
(40, 40, 40, 1),
(41, 41, 41, 1),
(42, 42, 42, 1),
(43, 43, 43, 1),
(44, 44, 44, 1),
(45, 45, 45, 1),
(46, 46, 46, 1),
(47, 47, 47, 1),
(48, 48, 48, 1),
(49, 49, 49, 1),
(50, 50, 50, 1),
(51, 51, 1, 1),
(52, 52, 2, 1),
(53, 53, 3, 1),
(54, 54, 4, 1),
(55, 55, 5, 1),
(56, 56, 6, 1),
(57, 57, 7, 1),
(58, 58, 8, 1),
(59, 59, 9, 1),
(60, 60, 10, 1),
(61, 61, 11, 1),
(62, 62, 12, 1),
(63, 63, 13, 1),
(64, 64, 14, 1),
(65, 65, 15, 1),
(66, 66, 16, 1),
(67, 67, 17, 1),
(68, 68, 18, 1),
(69, 69, 19, 1),
(70, 70, 20, 1),
(71, 71, 21, 1),
(72, 72, 22, 1),
(73, 73, 23, 1),
(74, 74, 24, 1),
(75, 75, 25, 1),
(76, 76, 26, 1),
(77, 77, 27, 1),
(78, 78, 28, 1),
(79, 79, 29, 1),
(80, 80, 30, 1),
(81, 81, 31, 1),
(82, 82, 32, 1),
(83, 83, 33, 1),
(84, 84, 34, 1),
(85, 85, 35, 1),
(86, 86, 36, 1),
(87, 87, 37, 1),
(88, 88, 38, 1),
(89, 89, 39, 1),
(90, 90, 40, 1),
(91, 91, 41, 1),
(92, 92, 42, 1),
(93, 93, 43, 1),
(94, 94, 44, 1),
(95, 95, 45, 1),
(96, 96, 46, 1),
(97, 97, 47, 1),
(98, 98, 48, 1),
(99, 99, 49, 1),
(100, 100, 50, 1);



INSERT INTO Facturas (IdFactura, IdTicket, MontoTotal, FechaEmision, EstadoPago)
VALUES
(1, 1, 1500.00, '2023-01-01', 'Pagado'),
(2, 2, 1400.00, '2023-01-02', 'Pendiente'),
(3, 3, 1100.00, '2023-01-03', 'Pagado'),
(4, 4, 1250.00, '2023-01-04', 'Pendiente'),
(5, 5, 1400.00, '2023-01-05', 'Pagado'),
(6, 6, 1700.00, '2023-01-06', 'Pendiente'),
(7, 7, 1600.00, '2023-01-07', 'Pagado'),
(8, 8, 1200.00, '2023-01-08', 'Pendiente'),
(9, 9, 1450.00, '2023-01-09', 'Pagado'),
(10, 10, 1800.00, '2023-01-10', 'Pendiente'),
(11, 11, 1350.00, '2023-01-11', 'Pagado'),
(12, 12, 1150.00, '2023-01-12', 'Pendiente'),
(13, 13, 1500.00, '2023-01-13', 'Pagado'),
(14, 14, 1400.00, '2023-01-14', 'Pendiente'),
(15, 15, 1300.00, '2023-01-15', 'Pagado'),
(16, 16, 1600.00, '2023-01-16', 'Pendiente'),
(17, 17, 1700.00, '2023-01-17', 'Pagado'),
(18, 18, 1800.00, '2023-01-18', 'Pendiente'),
(19, 19, 1250.00, '2023-01-19', 'Pagado'),
(20, 20, 1550.00, '2023-01-20', 'Pendiente'),
(21, 21, 1450.00, '2023-01-21', 'Pagado'),
(22, 22, 1300.00, '2023-01-22', 'Pendiente'),
(23, 23, 1600.00, '2023-01-23', 'Pagado'),
(24, 24, 1750.00, '2023-01-24', 'Pendiente'),
(25, 25, 1450.00, '2023-01-25', 'Pagado'),
(26, 26, 1300.00, '2023-01-26', 'Pendiente'),
(27, 27, 1650.00, '2023-01-27', 'Pagado'),
(28, 28, 1350.00, '2023-01-28', 'Pendiente'),
(29, 29, 1200.00, '2023-01-29', 'Pagado'),
(30, 30, 1750.00, '2023-01-30', 'Pendiente'),
(31, 31, 1500.00, '2023-01-31', 'Pagado'),
(32, 32, 1400.00, '2023-02-01', 'Pendiente'),
(33, 33, 1600.00, '2023-02-02', 'Pagado'),
(34, 34, 1700.00, '2023-02-03', 'Pendiente'),
(35, 35, 1550.00, '2023-02-04', 'Pagado'),
(36, 36, 1400.00, '2023-02-05', 'Pendiente'),
(37, 37, 1800.00, '2023-02-06', 'Pagado'),
(38, 38, 1750.00, '2023-02-07', 'Pendiente'),
(39, 39, 1650.00, '2023-02-08', 'Pagado'),
(40, 40, 1500.00, '2023-02-09', 'Pendiente'),
(41, 41, 1300.00, '2023-02-10', 'Pagado'),
(42, 42, 1150.00, '2023-02-11', 'Pendiente'),
(43, 43, 1450.00, '2023-02-12', 'Pagado'),
(44, 44, 1600.00, '2023-02-13', 'Pendiente'),
(45, 45, 1800.00, '2023-02-14', 'Pagado'),
(46, 46, 1700.00, '2023-02-15', 'Pendiente'),
(47, 47, 1250.00, '2023-02-16', 'Pagado'),
(48, 48, 1500.00, '2023-02-17', 'Pendiente'),
(49, 49, 1400.00, '2023-02-18', 'Pagado'),
(50, 50, 1300.00, '2023-02-19', 'Pendiente'),
(51, 51, 1550.00, '2023-02-20', 'Pagado'),
(52, 52, 1400.00, '2023-02-21', 'Pendiente'),
(53, 53, 1600.00, '2023-02-22', 'Pagado'),
(54, 54, 1700.00, '2023-02-23', 'Pendiente'),
(55, 55, 1250.00, '2023-02-24', 'Pagado'),
(56, 56, 1450.00, '2023-02-25', 'Pendiente'),
(57, 57, 1350.00, '2023-02-26', 'Pagado'),
(58, 58, 1550.00, '2023-02-27', 'Pendiente'),
(59, 59, 1600.00, '2023-02-28', 'Pagado'),
(60, 60, 1450.00, '2023-03-01', 'Pendiente'),
(61, 61, 1700.00, '2023-03-02', 'Pagado'),
(62, 62, 1750.00, '2023-03-03', 'Pendiente'),
(63, 63, 1500.00, '2023-03-04', 'Pagado'),
(64, 64, 1400.00, '2023-03-05', 'Pendiente'),
(65, 65, 1650.00, '2023-03-06', 'Pagado'),
(66, 66, 1300.00, '2023-03-07', 'Pendiente'),
(67, 67, 1200.00, '2023-03-08', 'Pagado'),
(68, 68, 1550.00, '2023-03-09', 'Pendiente'),
(69, 69, 1450.00, '2023-03-10', 'Pagado'),
(70, 70, 1700.00, '2023-03-11', 'Pendiente'),
(71, 71, 1600.00, '2023-03-12', 'Pagado'),
(72, 72, 1800.00, '2023-03-13', 'Pendiente'),
(73, 73, 1300.00, '2023-03-14', 'Pagado'),
(74, 74, 1400.00, '2023-03-15', 'Pendiente'),
(75, 75, 1650.00, '2023-03-16', 'Pagado'),
(76, 76, 1550.00, '2023-03-17', 'Pendiente'),
(77, 77, 1200.00, '2023-03-18', 'Pagado'),
(78, 78, 1450.00, '2023-03-19', 'Pendiente'),
(79, 79, 1700.00, '2023-03-20', 'Pagado'),
(80, 80, 1300.00, '2023-03-21', 'Pendiente'),
(81, 81, 1500.00, '2023-03-22', 'Pagado'),
(82, 82, 1400.00, '2023-03-23', 'Pendiente'),
(83, 83, 1650.00, '2023-03-24', 'Pagado'),
(84, 84, 1550.00, '2023-03-25', 'Pendiente'),
(85, 85, 1200.00, '2023-03-26', 'Pagado'),
(86, 86, 1450.00, '2023-03-27', 'Pendiente'),
(87, 87, 1700.00, '2023-03-28', 'Pagado'),
(88, 88, 1300.00, '2023-03-29', 'Pendiente'),
(89, 89, 1550.00, '2023-03-30', 'Pagado'),
(90, 90, 1600.00, '2023-03-31', 'Pendiente'),
(91, 91, 1700.00, '2023-04-01', 'Pagado'),
(92, 92, 1800.00, '2023-04-02', 'Pendiente'),
(93, 93, 1350.00, '2023-04-03', 'Pagado'),
(94, 94, 1450.00, '2023-04-04', 'Pendiente'),
(95, 95, 1600.00, '2023-04-05', 'Pagado'),
(96, 96, 1750.00, '2023-04-06', 'Pendiente'),
(97, 97, 1450.00, '2023-04-07', 'Pagado'),
(98, 98, 1300.00, '2023-04-08', 'Pendiente'),
(99, 99, 1550.00, '2023-04-09', 'Pagado'),
(100, 100, 1600.00, '2023-04-10', 'Pendiente');



