-- Inserciones
INSERT INTO Clientes (Nombre, ApellidoPaterno, ApellidoMaterno, CorreoElectronico, Telefono, Direccion)
VALUES 
('Mario', 'López', 'Jiménez', 'mario.lopez@example.com', '5512345701', 'Calle Primavera 101, Ciudad'),
('Alicia', 'Hernández', 'Martínez', 'alicia.hernandez@example.com', '5512345702', 'Av. Los Pinos 22, Ciudad'),
('Eduardo', 'García', 'Pérez', 'eduardo.garcia@example.com', '5512345703', 'Calle del Árbol 33, Ciudad'),
('Lorena', 'Torres', 'Ruiz', 'lorena.torres@example.com', '5512345704', 'Calle 4 de Julio 112, Ciudad'),
('Héctor', 'Sánchez', 'Gómez', 'hector.sanchez@example.com', '5512345705', 'Av. Juárez 55, Ciudad'),
('Patricia', 'Martínez', 'Sosa', 'patricia.martinez@example.com', '5512345706', 'Calle Colón 78, Ciudad'),
('Arturo', 'Reyes', 'Hernández', 'arturo.reyes@example.com', '5512345707', 'Calle 16 de Septiembre 9, Ciudad'),
('Luisa', 'Moreno', 'Méndez', 'luisa.moreno@example.com', '5512345708', 'Av. Insurgentes 202, Ciudad'),
('Fernando', 'Cruz', 'Ramírez', 'fernando.cruz@example.com', '5512345709', 'Calle Francisco I. Madero 12, Ciudad'),
('Rocío', 'Castillo', 'López', 'rocio.castillo@example.com', '5512345710', 'Calle Revolución 34, Ciudad'),
('Martín', 'Paredes', 'González', 'martin.paredes@example.com', '5512345711', 'Av. Universidad 54, Ciudad'),
('Carolina', 'Flores', 'Aguilar', 'carolina.flores@example.com', '5512345712', 'Calle Reforma 23, Ciudad'),
('José', 'Vargas', 'Ibarra', 'jose.vargas@example.com', '5512345713', 'Calle 5 de Mayo 67, Ciudad'),
('Mariana', 'Navarro', 'Rosales', 'mariana.navarro@example.com', '5512345714', 'Calle Hidalgo 17, Ciudad'),
('Rafael', 'Ramos', 'Bautista', 'rafael.ramos@example.com', '5512345715', 'Calle Morelos 18, Ciudad'),
('Cristina', 'Santos', 'Carrillo', 'cristina.santos@example.com', '5512345716', 'Calle Allende 56, Ciudad'),
('Rubén', 'Hernández', 'Martínez', 'ruben.hernandez@example.com', '5512345717', 'Av. de la Paz 30, Ciudad'),
('Sofía', 'Rivera', 'Núñez', 'sofia.rivera@example.com', '5512345718', 'Calle Zapata 15, Ciudad'),
('Miguel', 'Álvarez', 'Guerrero', 'miguel.alvarez@example.com', '5512345719', 'Calle Hidalgo 112, Ciudad'),
('Beatriz', 'Jiménez', 'Montoya', 'beatriz.jimenez@example.com', '5512345720', 'Av. Central 51, Ciudad'),
('Jorge', 'Fuentes', 'Camacho', 'jorge.fuentes@example.com', '5512345721', 'Calle Morelos 89, Ciudad'),
('Laura', 'Galván', 'Medina', 'laura.galvan@example.com', '5512345722', 'Calle Matamoros 31, Ciudad'),
('Humberto', 'Delgado', 'Villanueva', 'humberto.delgado@example.com', '5512345723', 'Calle Zaragoza 63, Ciudad'),
('Ana', 'Espinosa', 'Torres', 'ana.espinosa@example.com', '5512345724', 'Calle Revolución 24, Ciudad'),
('Ricardo', 'Durán', 'Valenzuela', 'ricardo.duran@example.com', '5512345725', 'Calle Lerdo 45, Ciudad'),
('Blanca', 'Peña', 'Campos', 'blanca.pena@example.com', '5512345726', 'Av. Hidalgo 77, Ciudad'),
('Manuel', 'Suárez', 'Herrera', 'manuel.suarez@example.com', '5512345727', 'Calle Reforma 90, Ciudad'),
('Gloria', 'Lara', 'Martínez', 'gloria.lara@example.com', '5512345728', 'Calle Independencia 12, Ciudad'),
('Julio', 'Ortega', 'Soto', 'julio.ortega@example.com', '5512345729', 'Av. Morelos 76, Ciudad'),
('Daniel', 'Zúñiga', 'Vargas', 'daniel.zuniga@example.com', '5512345730', 'Calle Central 11, Ciudad'),
('María', 'Rangel', 'Gómez', 'maria.rangel@example.com', '5512345731', 'Calle San Luis 22, Ciudad'),
('Fabiola', 'Valdez', 'Molina', 'fabiola.valdez@example.com', '5512345732', 'Calle Constitución 45, Ciudad'),
('Roberto', 'Cervantes', 'Vázquez', 'roberto.cervantes@example.com', '5512345733', 'Calle Hidalgo 81, Ciudad'),
('Lidia', 'Carrillo', 'Salinas', 'lidia.carrillo@example.com', '5512345734', 'Calle Benito Juárez 56, Ciudad'),
('Vicente', 'Mejía', 'Ortiz', 'vicente.mejia@example.com', '5512345735', 'Calle La Paz 14, Ciudad'),
('Irene', 'Serrano', 'Pérez', 'irene.serrano@example.com', '5512345736', 'Calle del Sol 88, Ciudad'),
('Mauricio', 'Pérez', 'Garza', 'mauricio.perez@example.com', '5512345737', 'Calle del Río 34, Ciudad'),
('Claudia', 'Miranda', 'Romero', 'claudia.miranda@example.com', '5512345738', 'Calle Independencia 56, Ciudad'),
('Ángel', 'Rojas', 'López', 'angel.rojas@example.com', '5512345739', 'Calle Hidalgo 21, Ciudad'),
('Aurelio', 'Salazar', 'Fuentes', 'aurelio.salazar@example.com', '5512345740', 'Calle 5 de Febrero 78, Ciudad'),
('Silvia', 'Pacheco', 'Vega', 'silvia.pacheco@example.com', '5512345741', 'Av. del Sol 22, Ciudad'),
('Margarita', 'Campos', 'Lara', 'margarita.campos@example.com', '5512345742', 'Calle 16 de Septiembre 14, Ciudad'),
('Armando', 'Castañeda', 'Zavala', 'armando.castaneda@example.com', '5512345743', 'Calle Allende 23, Ciudad'),
('Teresa', 'Martínez', 'Hernández', 'teresa.martinez@example.com', '5512345744', 'Calle Morelos 11, Ciudad'),
('Pablo', 'López', 'González', 'pablo.lopez@example.com', '5512345745', 'Calle Hidalgo 45, Ciudad'),
('Lucrecia', 'Guerrero', 'Núñez', 'lucrecia.guerrero@example.com', '5512345746', 'Calle Reforma 31, Ciudad'),
('Ignacio', 'Sandoval', 'Martínez', 'ignacio.sandoval@example.com', '5512345747', 'Calle Central 56, Ciudad'),
('Rosalía', 'Orozco', 'Morales', 'rosalia.orozco@example.com', '5512345748', 'Av. del Valle 67, Ciudad'),
('César', 'Guzmán', 'Velázquez', 'cesar.guzman@example.com', '5512345749', 'Av. del Sol 102, Ciudad'),
('Rodrigo', 'Garza', 'Vázquez', 'rodrigo.garza@example.com', '5512345750', 'Av. del Sol 999, Ciudad'),
('Verónica', 'Mendoza', 'Rivera', 'veronica.mendoza@example.com', '5512345751', 'Calle Benito Juárez 89, Ciudad'),
('Andrés', 'Domínguez', 'Sosa', 'andres.dominguez@example.com', '5512345752', 'Calle Reforma 20, Ciudad'),
('Clara', 'Villanueva', 'Camacho', 'clara.villanueva@example.com', '5512345753', 'Calle Hidalgo 10, Ciudad'),
('Ramiro', 'Escobar', 'Silva', 'ramiro.escobar@example.com', '5512345754', 'Calle Morelos 23, Ciudad'),
('Mónica', 'Ibáñez', 'Cisneros', 'monica.ibanez@example.com', '5512345755', 'Calle Los Álamos 56, Ciudad'),
('Adrián', 'Cortés', 'Valencia', 'adrian.cortes@example.com', '5512345756', 'Av. Central 15, Ciudad'),
('Rosa', 'Jiménez', 'Peralta', 'rosa.jimenez@example.com', '5512345757', 'Calle Hidalgo 92, Ciudad'),
('Gabriel', 'Romero', 'Gallegos', 'gabriel.romero@example.com', '5512345758', 'Calle del Sol 100, Ciudad'),
('Nayeli', 'Pérez', 'León', 'nayeli.perez@example.com', '5512345759', 'Av. de la Paz 36, Ciudad'),
('Tomás', 'Rojas', 'Delgado', 'tomas.rojas@example.com', '5512345760', 'Calle Revolución 81, Ciudad'),
('Julia', 'Vega', 'Lemus', 'julia.vega@example.com', '5512345761', 'Calle San Juan 43, Ciudad'),
('Raúl', 'Rivas', 'Lara', 'raul.rivas@example.com', '5512345762', 'Calle Zaragoza 87, Ciudad'),
('Nancy', 'Quintana', 'Cruz', 'nancy.quintana@example.com', '5512345763', 'Calle Hidalgo 58, Ciudad'),
('Oscar', 'Díaz', 'Reyes', 'oscar.diaz@example.com', '5512345764', 'Calle Benito Juárez 7, Ciudad'),
('Jessica', 'Medina', 'Gómez', 'jessica.medina@example.com', '5512345765', 'Calle Allende 99, Ciudad'),
('Alfonso', 'Cervantes', 'Martínez', 'alfonso.cervantes@example.com', '5512345766', 'Calle Morelos 18, Ciudad'),
('Lorena', 'López', 'Nava', 'lorena.lopez@example.com', '5512345767', 'Calle del Sol 23, Ciudad'),
('Héctor', 'Noriega', 'Barrera', 'hector.noriega@example.com', '5512345768', 'Av. Juárez 61, Ciudad'),
('Gabriela', 'Salas', 'Campos', 'gabriela.salas@example.com', '5512345769', 'Calle Hidalgo 44, Ciudad'),
('Francisco', 'Chávez', 'Peña', 'francisco.chavez@example.com', '5512345770', 'Calle Reforma 17, Ciudad'),
('Paola', 'Reyna', 'Solís', 'paola.reyna@example.com', '5512345771', 'Calle del Árbol 41, Ciudad'),
('Joaquín', 'Soto', 'Flores', 'joaquin.soto@example.com', '5512345772', 'Calle 4 de Julio 103, Ciudad'),
('Rosaura', 'Serrano', 'Sánchez', 'rosaura.serrano@example.com', '5512345773', 'Av. Morelos 33, Ciudad'),
('Elena', 'Luna', 'Pérez', 'elena.luna@example.com', '5512345774', 'Av. Central 91, Ciudad'),
('Cristian', 'Montes', 'Carrillo', 'cristian.montes@example.com', '5512345775', 'Calle Hidalgo 50, Ciudad'),
('Antonia', 'Cabrera', 'López', 'antonia.cabrera@example.com', '5512345776', 'Calle Lerdo 49, Ciudad'),
('Carmen', 'Morales', 'Gómez', 'carmen.morales@example.com', '5512345777', 'Calle 16 de Septiembre 22, Ciudad'),
('Isaac', 'Villafuerte', 'Cruz', 'isaac.villafuerte@example.com', '5512345778', 'Calle Morelos 54, Ciudad'),
('Raquel', 'Silva', 'Meza', 'raquel.silva@example.com', '5512345779', 'Calle Benito Juárez 23, Ciudad'),
('Enrique', 'Sandoval', 'Maldonado', 'enrique.sandoval@example.com', '5512345780', 'Calle Independencia 11, Ciudad'),
('Olga', 'Villanueva', 'Torres', 'olga.villanueva@example.com', '5512345781', 'Calle Zapata 35, Ciudad'),
('Aldo', 'Vázquez', 'Luna', 'aldo.vazquez@example.com', '5512345782', 'Av. Insurgentes 80, Ciudad'),
('Lucía', 'Ríos', 'López', 'lucia.rios@example.com', '5512345783', 'Calle Allende 14, Ciudad'),
('Jazmín', 'Ortega', 'Moreno', 'jazmin.ortega@example.com', '5512345784', 'Av. Hidalgo 22, Ciudad'),
('Octavio', 'Ibarra', 'Martínez', 'octavio.ibarra@example.com', '5512345785', 'Calle Lerdo 48, Ciudad'),
('Evelyn', 'Nava', 'Santos', 'evelyn.nava@example.com', '5512345786', 'Av. Morelos 93, Ciudad'),
('Armando', 'Martínez', 'Villalobos', 'armando.martinez@example.com', '5512345787', 'Av. Central 34, Ciudad'),
('Emilia', 'Carrillo', 'Sánchez', 'emilia.carrillo@example.com', '5512345788', 'Calle Revolución 72, Ciudad'),
('Jesús', 'Guzmán', 'Galindo', 'jesus.guzman@example.com', '5512345789', 'Calle del Río 88, Ciudad'),
('Martha', 'Cárdenas', 'Ruiz', 'martha.cardenas@example.com', '5512345790', 'Calle Hidalgo 60, Ciudad'),
('Alan', 'Reyes', 'Aguilar', 'alan.reyes@example.com', '5512345791', 'Av. Central 57, Ciudad'),
('Andrea', 'Figueroa', 'López', 'andrea.figueroa@example.com', '5512345792', 'Calle 16 de Septiembre 9, Ciudad'),
('Pedro', 'Pacheco', 'Jiménez', 'pedro.pacheco@example.com', '5512345793', 'Calle Reforma 36, Ciudad'),
('Isabel', 'Molina', 'Vega', 'isabel.molina@example.com', '5512345794', 'Calle del Árbol 20, Ciudad'),
('Gerardo', 'Aguirre', 'Méndez', 'gerardo.aguirre@example.com', '5512345795', 'Calle del Sol 59, Ciudad'),
('Patricio', 'Olivares', 'Ramírez', 'patricio.olivares@example.com', '5512345796', 'Calle Benito Juárez 31, Ciudad'),
('Felipe', 'Cano', 'Valenzuela', 'felipe.cano@example.com', '5512345797', 'Calle Zapata 43, Ciudad'),
('Lorena', 'Guzmán', 'Flores', 'lorena.guzman@example.com', '5512345798', 'Av. de la Paz 19, Ciudad'),
('David', 'Santos', 'Rodríguez', 'david.santos@example.com', '5512345799', 'Calle Juárez 88, Ciudad'),
('Carla', 'Blanco', 'Orozco', 'carla.blanco@example.com', '5512345800', 'Av. Morelos 14, Ciudad');


INSERT INTO Tecnicos (Nombre, ApellidoPaterno, ApellidoMaterno, CorreoElectronico, Telefono, Especialidad)
VALUES 
('Guillermo', 'Castillo', 'Fernández', 'guillermo.castillo@example.com', '5544332251', 'Electrónica'),
('Nayeli', 'Gómez', 'Pérez', 'nayeli.gomez@example.com', '5544332252', 'Mecánica'),
('Sergio', 'Hernández', 'Santos', 'sergio.hernandez@example.com', '5544332253', 'Computadoras'),
('Gabriela', 'Jiménez', 'Ríos', 'gabriela.jimenez@example.com', '5544332254', 'Telefonía móvil'),
('Rafael', 'Martínez', 'López', 'rafael.martinez@example.com', '5544332255', 'Telecomunicaciones'),
('Andrea', 'Mendoza', 'González', 'andrea.mendoza@example.com', '5544332256', 'Electrónica'),
('Jorge', 'Cruz', 'Hernández', 'jorge.cruz@example.com', '5544332257', 'Mecánica'),
('Mónica', 'López', 'Pérez', 'monica.lopez@example.com', '5544332258', 'Computadoras'),
('Francisco', 'Rodríguez', 'Sánchez', 'francisco.rodriguez@example.com', '5544332259', 'Telefonía móvil'),
('Sandra', 'García', 'Torres', 'sandra.garcia@example.com', '5544332260', 'Telecomunicaciones'),
('Luis', 'Álvarez', 'Ramírez', 'luis.alvarez@example.com', '5544332261', 'Electrónica'),
('Laura', 'Moreno', 'Cruz', 'laura.moreno@example.com', '5544332262', 'Mecánica'),
('Carlos', 'Sosa', 'González', 'carlos.sosa@example.com', '5544332263', 'Computadoras'),
('Fernando', 'Pérez', 'Martínez', 'fernando.perez@example.com', '5544332264', 'Telefonía móvil'),
('Ricardo', 'Vega', 'Flores', 'ricardo.vega@example.com', '5544332265', 'Telecomunicaciones'),
('Isabel', 'Ortiz', 'Gutiérrez', 'isabel.ortiz@example.com', '5544332266', 'Electrónica'),
('Elena', 'Núñez', 'Morales', 'elena.nunez@example.com', '5544332267', 'Mecánica'),
('Óscar', 'Lara', 'Vargas', 'oscar.lara@example.com', '5544332268', 'Computadoras'),
('Patricia', 'Díaz', 'Méndez', 'patricia.diaz@example.com', '5544332269', 'Telefonía móvil'),
('Víctor', 'Salinas', 'Ramos', 'victor.salinas@example.com', '5544332270', 'Telecomunicaciones'),
('Iván', 'Reyes', 'Santos', 'ivan.reyes@example.com', '5544332271', 'Electrónica'),
('Luz', 'Rojas', 'Pérez', 'luz.rojas@example.com', '5544332272', 'Mecánica'),
('Daniela', 'Vásquez', 'López', 'daniela.vasquez@example.com', '5544332273', 'Computadoras'),
('Raúl', 'Montoya', 'Gómez', 'raul.montoya@example.com', '5544332274', 'Telefonía móvil'),
('Gustavo', 'Herrera', 'Cruz', 'gustavo.herrera@example.com', '5544332275', 'Telecomunicaciones'),
('Beatriz', 'Sánchez', 'Díaz', 'beatriz.sanchez@example.com', '5544332276', 'Electrónica'),
('Alejandro', 'Pineda', 'Morales', 'alejandro.pineda@example.com', '5544332277', 'Mecánica'),
('Rocío', 'Morales', 'Santos', 'rocio.morales@example.com', '5544332278', 'Computadoras'),
('José', 'Vargas', 'Gutiérrez', 'jose.vargas@example.com', '5544332279', 'Telefonía móvil'),






select * from Tecnicos;

INSERT INTO ModelosEquipos (Marca, Modelo, Tipo)
VALUES 
('Samsung', 'Galaxy S22', 'Teléfono móvil'),
('Apple', 'iPhone 13', 'Teléfono móvil'),
('Dell', 'Inspiron 15', 'Computadora'),
('HP', 'Omen 17', 'Computadora'),
('Lenovo', 'Legion 5', 'Computadora'),
('Sony', 'Bravia A80J', 'Televisor'),
('LG', 'NanoCell 75', 'Televisor'),
('Xiaomi', 'Redmi Note 10 Pro', 'Teléfono móvil'),
('Huawei', 'Mate 40', 'Teléfono móvil'),
('Microsoft', 'Surface Pro 8', 'Tablet'),
('Acer', 'Nitro 5', 'Computadora'),
('Asus', 'TUF Gaming F15', 'Computadora'),
('Toshiba', 'Dynabook Tecra', 'Computadora'),
('Google', 'Pixel 6', 'Teléfono móvil'),
('Motorola', 'Edge 20', 'Teléfono móvil'),
('Nokia', 'G50', 'Teléfono móvil'),
('Vizio', 'P-Series Quantum', 'Televisor'),
('OnePlus', 'Nord 2', 'Teléfono móvil'),
('Oppo', 'Reno 6 Pro', 'Teléfono móvil'),
('Realme', 'GT Master Edition', 'Teléfono móvil'),
('Samsung', 'Galaxy A52', 'Teléfono móvil'),
('Apple', 'iPhone 12 Mini', 'Teléfono móvil'),
('Dell', 'Latitude 9510', 'Computadora'),
('HP', 'Elite Dragonfly', 'Computadora'),
('Lenovo', 'ThinkPad X13', 'Computadora'),
('Sony', 'Bravia Z9J', 'Televisor'),
('LG', 'QNED MiniLED 99', 'Televisor'),
('Xiaomi', 'Mi 11 Lite', 'Teléfono móvil'),
('Huawei', 'P50 Pro', 'Teléfono móvil'),
('Microsoft', 'Surface Laptop 4', 'Computadora'),
('Acer', 'Swift 3', 'Computadora'),
('Asus', 'ZenBook 14', 'Computadora'),
('Toshiba', 'Portégé X30L', 'Computadora'),
('Google', 'Pixel 5a', 'Teléfono móvil'),
('Motorola', 'Moto G60', 'Teléfono móvil'),
('Nokia', 'X20', 'Teléfono móvil'),
('Vizio', 'OLED 55-H1', 'Televisor'),
('OnePlus', '9R', 'Teléfono móvil'),
('Oppo', 'Find X2', 'Teléfono móvil'),
('Realme', '8 Pro', 'Teléfono móvil'),
('Samsung', 'Galaxy S20 FE', 'Teléfono móvil'),
('Apple', 'iPhone SE (2020)', 'Teléfono móvil'),
('Dell', 'Precision 5550', 'Computadora'),
('HP', 'Spectre x360', 'Computadora'),
('Lenovo', 'IdeaPad 5 Pro', 'Computadora'),
('Sony', 'X950H', 'Televisor'),
('LG', 'GX OLED', 'Televisor'),
('Xiaomi', 'Mi Note 10', 'Teléfono móvil'),
('Huawei', 'Mate X2', 'Teléfono móvil'),
('Microsoft', 'Surface Duo', 'Teléfono móvil'),
('Panasonic', 'Lumix GH5', 'Cámara'),
('Canon', 'EOS R5', 'Cámara'),
('Nikon', 'Z7 II', 'Cámara'),
('Fujifilm', 'X-T4', 'Cámara'),
('Olympus', 'OM-D E-M1 Mark III', 'Cámara'),
('Samsung', 'Galaxy Tab S7', 'Tablet'),
('Apple', 'iPad Pro 12.9', 'Tablet'),
('Lenovo', 'Yoga Smart Tab', 'Tablet'),
('Microsoft', 'Surface Go 3', 'Tablet'),
('Dell', 'XPS 13', 'Computadora'),
('HP', 'Pavilion x360', 'Computadora'),
('LG', 'UltraFine 5K', 'Monitor'),
('Samsung', 'Odyssey G9', 'Monitor'),
('Acer', 'Predator X34', 'Monitor'),
('Asus', 'ROG Swift PG259QN', 'Monitor'),
('BenQ', 'PD3220U', 'Monitor'),
('Sony', 'Alpha a7 III', 'Cámara'),
('DJI', 'Mavic Air 2', 'Dron'),
('Parrot', 'Anafi', 'Dron'),
('Autel Robotics', 'EVO Lite+', 'Dron');



INSERT INTO Equipos (IdCliente, IdModelo, NumeroSerie, EstadoInicial)
VALUES 
(1, 1, 'SN1234567911', 'Pantalla agrietada'),
(2, 2, 'SN1234567912', 'No enciende'),
(3, 3, 'SN1234567913', 'Problemas de batería'),
(4, 4, 'SN1234567914', 'Rayones en carcasa'),
(5, 5, 'SN1234567915', 'Altavoces dañados'),
(6, 6, 'SN1234567916', 'Sin imagen en pantalla'),
(7, 7, 'SN1234567917', 'Conector de carga dañado'),
(8, 8, 'SN1234567918', 'Lento al encender'),
(9, 9, 'SN1234567919', 'Sin señal'),
(10, 10, 'SN1234567920', 'Pantalla rota'),
(11, 11, 'SN2234567911', 'Sin problemas visibles'),
(12, 12, 'SN2234567912', 'Lento en aplicaciones'),
(13, 13, 'SN2234567913', 'Sin señal WiFi'),
(14, 14, 'SN2234567914', 'Altavoces distorsionados'),
(15, 15, 'SN2234567915', 'Problemas en el botón de encendido'),
(16, 16, 'SN2234567916', 'Se reinicia solo'),
(17, 17, 'SN2234567917', 'Problemas de carga'),
(18, 18, 'SN2234567918', 'Sobrecalentamiento'),
(19, 19, 'SN2234567919', 'Sin conexión WiFi'),
(20, 20, 'SN2234567920', 'Daños en la carcasa'),
(21, 1, 'SN1234567921', 'Pantalla rota'),
(22, 2, 'SN1234567922', 'No enciende'),
(23, 3, 'SN1234567923', 'Problemas de batería'),
(24, 4, 'SN1234567924', 'Rayones en carcasa'),
(25, 5, 'SN1234567925', 'Altavoces dañados'),
(26, 6, 'SN1234567926', 'Sin imagen en pantalla'),
(27, 7, 'SN1234567927', 'Conector de carga dañado'),
(28, 8, 'SN1234567928', 'Lento al encender'),
(29, 9, 'SN1234567929', 'Sin señal'),
(30, 10, 'SN1234567930', 'Pantalla rota'),
(31, 11, 'SN2234567921', 'Sin problemas visibles'),
(32, 12, 'SN2234567922', 'Lento en aplicaciones'),
(33, 13, 'SN2234567923', 'Sin señal WiFi'),
(34, 14, 'SN2234567924', 'Altavoces distorsionados'),
(35, 15, 'SN2234567925', 'Problemas en el botón de encendido'),
(36, 16, 'SN2234567926', 'Se reinicia solo'),
(37, 17, 'SN2234567927', 'Problemas de carga'),
(38, 18, 'SN2234567928', 'Sobrecalentamiento'),
(39, 19, 'SN2234567929', 'Sin conexión WiFi'),
(40, 20, 'SN2234567930', 'Daños en la carcasa'),
(41, 1, 'SN1234567931', 'Pantalla agrietada'),
(42, 2, 'SN1234567932', 'No enciende'),
(43, 3, 'SN1234567933', 'Problemas de batería'),
(44, 4, 'SN1234567934', 'Rayones en carcasa'),
(45, 5, 'SN1234567935', 'Altavoces dañados'),
(46, 6, 'SN1234567936', 'Sin imagen en pantalla'),
(47, 7, 'SN1234567937', 'Conector de carga dañado'),
(48, 8, 'SN1234567938', 'Lento al encender'),
(49, 9, 'SN1234567939', 'Sin señal'),
(50, 10, 'SN1234567940', 'Pantalla rota'),
(51, 15, 'SN1234567941', 'Problemas en el botón de volumen'),
(52, 16, 'SN1234567942', 'Sobrecalentamiento frecuente'),
(53, 17, 'SN1234567943', 'Sin respuesta táctil'),
(54, 18, 'SN1234567944', 'Error en cámara frontal'),
(55, 19, 'SN1234567945', 'Problema con Bluetooth'),
(56, 20, 'SN1234567946', 'Pantalla parpadeante'),
(57, 11, 'SN2234567931', 'Sin problemas visibles'),
(58, 12, 'SN2234567932', 'Aplicaciones se cierran solas'),
(59, 13, 'SN2234567933', 'Conector de auriculares dañado'),
(60, 14, 'SN2234567934', 'Batería no carga'),
(61, 15, 'SN2234567935', 'Altavoces con ruido'),
(62, 16, 'SN2234567936', 'Pantalla agrietada'),
(63, 17, 'SN2234567937', 'No enciende'),
(64, 18, 'SN2234567938', 'Problemas de batería'),
(65, 19, 'SN2234567939', 'Rayones en carcasa'),
(66, 20, 'SN2234567940', 'Altavoces dañados'),
(67, 1, 'SN1234567947', 'Sin imagen en pantalla'),
(68, 2, 'SN1234567948', 'Conector de carga dañado'),
(69, 3, 'SN1234567949', 'Lento al encender'),
(70, 4, 'SN1234567950', 'Sin señal'),
(71, 5, 'SN1234567951', 'Pantalla rota'),
(72, 6, 'SN2234567941', 'Sin problemas visibles'),
(73, 7, 'SN2234567942', 'Lento en aplicaciones'),
(74, 8, 'SN2234567943', 'Sin señal WiFi'),
(75, 9, 'SN2234567944', 'Altavoces distorsionados'),
(76, 10, 'SN2234567945', 'Problemas en el botón de encendido'),
(77, 11, 'SN2234567946', 'Se reinicia solo'),
(78, 12, 'SN2234567947', 'Problemas de carga'),
(79, 13, 'SN2234567948', 'Sobrecalentamiento'),
(80, 14, 'SN2234567949', 'Sin conexión WiFi'),
(81, 15, 'SN2234567950', 'Daños en la carcasa'),
(82, 16, 'SN1234567952', 'Problemas en el botón de volumen'),
(83, 17, 'SN1234567953', 'Sobrecalentamiento frecuente'),
(84, 18, 'SN1234567954', 'Sin respuesta táctil'),
(85, 19, 'SN1234567955', 'Error en cámara frontal'),
(86, 20, 'SN1234567956', 'Problema con Bluetooth'),
(87, 11, 'SN2234567951', 'Pantalla parpadeante'),
(88, 12, 'SN2234567952', 'Aplicaciones se cierran solas'),
(89, 13, 'SN2234567953', 'Conector de auriculares dañado'),
(90, 14, 'SN2234567954', 'Batería no carga'),
(91, 15, 'SN2234567955', 'Altavoces con ruido'),
(92, 16, 'SN2234567956', 'Pantalla agrietada'),
(93, 17, 'SN2234567957', 'No enciende'),
(94, 18, 'SN2234567958', 'Problemas de batería'),
(95, 19, 'SN2234567959', 'Rayones en carcasa'),
(96, 20, 'SN2234567960', 'Altavoces dañados'),
(97, 1, 'SN1234567961', 'Sin imagen en pantalla'),
(98, 2, 'SN1234567962', 'Conector de carga dañado'),
(99, 3, 'SN1234567963', 'Lento al encender'),
(100, 4, 'SN1234567964', 'Sin señal');



INSERT INTO TicketsReparacion (IdEquipo, ProblemaReportado, IdTecnico, Estado)
VALUES 
(1, 'Pantalla rota', 1, 'Pendiente'),
(2, 'No enciende', 2, 'En Proceso'),
(3, 'Problemas de batería', 3, 'Finalizado'),
(4, 'Rayones en carcasa', 4, 'Pendiente'),
(5, 'Altavoces dañados', 5, 'En Proceso'),
(6, 'Sin imagen en pantalla', 6, 'Pendiente'),
(7, 'Conector de carga dañado', 7, 'Finalizado'),
(8, 'Lento al encender', 8, 'Pendiente'),
(9, 'Sin señal', 9, 'Pendiente'),
(10, 'Pantalla rota', 10, 'Pendiente'),
(11, 'Batería dañada', 11, 'Finalizado'),
(12, 'Problemas de software', 12, 'En Proceso'),
(13, 'Rayones en pantalla', 13, 'Pendiente'),
(14, 'Altavoces distorsionados', 14, 'Finalizado'),
(15, 'Pantalla no responde', 15, 'En Proceso'),
(16, 'Sin imagen en pantalla', 16, 'Pendiente'),
(17, 'Problemas de conectividad', 17, 'Finalizado'),
(18, 'Batería agotada rápidamente', 18, 'En Proceso'),
(19, 'Pantalla negra', 19, 'Pendiente'),
(20, 'Botón de encendido dañado', 20, 'Pendiente'),
(21, 'Sobrecalentamiento', 21, 'Pendiente'),
(22, 'Problemas con el micrófono', 22, 'En Proceso'),
(23, 'Altavoces rotos', 23, 'Pendiente'),
(24, 'Lento al iniciar', 24, 'Finalizado'),
(25, 'No se conecta al Wi-Fi', 25, 'Pendiente'),
(26, 'Falla en la cámara', 6, 'En Proceso'),
(27, 'Rayones en la carcasa', 7, 'Finalizado'),
(28, 'Problemas con el conector de audífonos', 28, 'Pendiente'),
(29, 'No enciende la pantalla', 19, 'Pendiente'),
(30, 'Problemas con el sonido', 10, 'Finalizado'),
(31, 'Pantalla distorsionada', 11, 'En Proceso'),
(32, 'Conector de carga flojo', 1, 'Pendiente'),
(33, 'Sobrecalentamiento en uso', 23, 'Pendiente'),
(34, 'Batería drenada', 24, 'Finalizado'),
(35, 'Conectividad intermitente', 25, 'Pendiente'),
(36, 'Pantalla dañada', 16, 'Finalizado'),
(37, 'Problemas de actualización', 17, 'En Proceso'),
(38, 'Sin señal de red', 13, 'Finalizado'),
(39, 'Pantalla con manchas', 19, 'Pendiente'),
(40, 'Cámara no funciona', 20, 'Pendiente'),
(41, 'Pantalla rota', 1, 'Finalizado'),
(42, 'Problemas de conectividad Bluetooth', 2, 'Pendiente'),
(43, 'Conector de audífonos dañado', 4, 'En Proceso'),
(44, 'Falla en el teclado', 4, 'Pendiente'),
(45, 'Problemas de almacenamiento', 15, 'Finalizado'),
(46, 'Pantalla negra al encender', 26, 'Pendiente'),
(47, 'Problemas de conexión', 27, 'Pendiente'),
(48, 'Problemas de batería', 20, 'Finalizado'),
(49, 'No enciende', 19, 'Pendiente'),
(50, 'Problemas de pantalla', 28, 'En Proceso'),
(51, 'No carga la batería', 1, 'Pendiente'),
(52, 'Altavoces sin sonido', 2, 'En Proceso'),
(53, 'Sin conexión a Wi-Fi', 3, 'Finalizado'),
(54, 'Rayones en la pantalla', 4, 'Pendiente'),
(55, 'Sobrecalentamiento en uso', 5, 'En Proceso'),
(56, 'Problemas de software', 6, 'Pendiente'),
(57, 'Pantalla sin respuesta táctil', 7, 'Finalizado'),
(58, 'Conector de carga dañado', 8, 'Pendiente'),
(59, 'Sin señal de red', 9, 'Pendiente'),
(60, 'Batería no retiene carga', 10, 'Pendiente'),
(61, 'Pantalla rota', 11, 'Finalizado'),
(62, 'Problemas de conectividad', 12, 'En Proceso'),
(63, 'Cámara borrosa', 13, 'Pendiente'),
(64, 'Pantalla con puntos negros', 14, 'Finalizado'),
(65, 'Sin audio en llamadas', 15, 'En Proceso'),
(66, 'Problemas de carga lenta', 16, 'Pendiente'),
(67, 'Error en el sistema operativo', 17, 'Finalizado'),
(68, 'Lento al iniciar aplicaciones', 18, 'En Proceso'),
(69, 'Pantalla parpadeante', 19, 'Pendiente'),
(70, 'Problemas con el botón de inicio', 20, 'Pendiente'),
(71, 'Altavoces distorsionados', 21, 'Pendiente'),
(72, 'Conexión Bluetooth inestable', 22, 'En Proceso'),
(73, 'Pantalla rota', 23, 'Pendiente'),
(74, 'Conector de audífonos sin sonido', 24, 'Finalizado'),
(75, 'Sobrecalentamiento al cargar', 25, 'Pendiente'),
(76, 'Falla en cámara frontal', 26, 'En Proceso'),
(77, 'Rayones en la carcasa trasera', 27, 'Finalizado'),
(78, 'Pantalla sin brillo', 28, 'Pendiente'),
(79, 'Botón de volumen atascado', 1, 'Pendiente'),
(80, 'Sin vibración', 2, 'Finalizado'),
(81, 'Problemas en el micrófono', 3, 'En Proceso'),
(82, 'Sin respuesta al encender', 4, 'Pendiente'),
(83, 'Cámara no se abre', 5, 'Pendiente'),
(84, 'Error de almacenamiento', 6, 'Finalizado'),
(85, 'Pantalla con líneas horizontales', 7, 'Pendiente'),
(86, 'Conector de carga flojo', 8, 'Finalizado'),
(87, 'Sin señal GPS', 9, 'En Proceso'),
(88, 'Altavoces sin volumen', 10, 'Finalizado'),
(89, 'Pantalla negra al iniciar', 11, 'Pendiente'),
(90, 'Problemas de carga rápida', 12, 'Pendiente'),
(91, 'Problemas de conectividad celular', 13, 'Finalizado'),
(92, 'Cámara con imagen borrosa', 14, 'Pendiente'),
(93, 'Problema en el botón de encendido', 15, 'En Proceso'),
(94, 'Lento al navegar', 16, 'Pendiente'),
(95, 'Problemas en la pantalla táctil', 17, 'Finalizado'),
(96, 'Problema en la batería', 18, 'Pendiente'),
(97, 'Rayones en el cuerpo', 19, 'Pendiente'),
(98, 'Altavoces con eco', 20, 'Finalizado'),
(99, 'Sin respuesta al cargador', 21, 'Pendiente'),
(100, 'Pantalla no gira', 22, 'En Proceso');


select * from Tecnicos;

INSERT INTO Refacciones (NombreRefaccion, CantidadDisponible, PrecioUnitario)
VALUES 
('Pantalla Samsung Galaxy S22', 10, 260.00),
('Batería iPhone 13', 5, 160.00),
('Teclado Dell Inspiron 15', 7, 75.00),
('Pantalla HP Omen 17', 8, 220.00),
('Batería Lenovo Legion 5', 12, 190.00),
('Altavoces Sony Bravia A80J', 6, 300.00),
('Pantalla LG NanoCell 75', 4, 400.00),
('Pantalla Xiaomi Redmi Note 10 Pro', 9, 230.00),
('Pantalla Huawei Mate 40', 8, 220.00),
('Teclado Microsoft Surface Pro 8', 5, 180.00),
('Pantalla Acer Nitro 5', 10, 200.00),
('Pantalla Asus TUF Gaming F15', 4, 250.00),
('Batería Toshiba Dynabook Tecra', 15, 140.00),
('Pantalla Google Pixel 6', 6, 250.00),
('Pantalla Motorola Edge 20', 8, 170.00),
('Pantalla Nokia G50', 12, 50.00),
('Altavoces Vizio P-Series Quantum', 7, 300.00),
('Pantalla OnePlus Nord 2', 5, 240.00),
('Pantalla Oppo Reno 6 Pro', 9, 260.00),
('Pantalla Realme GT Master Edition', 10, 220.00),
('Pantalla Samsung Galaxy A52', 10, 260.00),
('Batería iPhone 12 Mini', 5, 160.00),
('Teclado Dell Latitude 9510', 7, 75.00),
('Pantalla HP Elite Dragonfly', 8, 220.00),
('Batería Lenovo ThinkPad X13', 12, 190.00),
('Altavoces Sony Bravia Z9J', 6, 300.00),
('Pantalla LG QNED MiniLED 99', 4, 400.00),
('Pantalla Xiaomi Mi 11 Lite', 9, 230.00),
('Pantalla Huawei P50 Pro', 8, 220.00),
('Teclado Microsoft Surface Laptop 4', 5, 180.00),
('Pantalla Acer Swift 3', 10, 200.00),
('Pantalla Asus ZenBook 14', 4, 250.00),
('Batería Toshiba Portégé X30L', 15, 140.00),
('Pantalla Google Pixel 5a', 6, 250.00),
('Pantalla Motorola Moto G60', 8, 170.00),
('Pantalla Nokia X20', 12, 50.00),
('Altavoces Vizio OLED 55-H1', 7, 300.00),
('Pantalla OnePlus 9R', 5, 240.00),
('Pantalla Oppo Find X2', 9, 260.00),
('Pantalla Realme 8 Pro', 10, 220.00),
('Pantalla Samsung Galaxy S20 FE', 10, 260.00),
('Batería iPhone SE (2020)', 5, 160.00),
('Teclado Dell Precision 5550', 7, 75.00),
('Pantalla HP Spectre x360', 8, 220.00),
('Batería Lenovo IdeaPad 5 Pro', 12, 190.00),
('Altavoces Sony X950H', 6, 300.00),
('Pantalla LG GX OLED', 4, 400.00),
('Pantalla Xiaomi Mi Note 10', 9, 230.00),
('Pantalla Huawei Mate X2', 8, 220.00),
('Teclado Microsoft Surface Duo', 5, 180.00);

INSERT INTO DetallesReparacion (IdTicket, IdRefaccion, CantidadUsada)
VALUES 
(1, 1, 1),
(2, 2, 1),
(3, 3, 1),
(4, 4, 1),
(5, 5, 1),
(6, 6, 1),
(7, 7, 1),
(8, 8, 1),
(9, 9, 1),
(10, 10, 1),
(11, 11, 1),
(12, 12, 1),
(13, 13, 1),
(14, 14, 1),
(15, 15, 1),
(16, 16, 1),
(17, 17, 1),
(18, 18, 1),
(19, 19, 1),
(20, 20, 1),
(21, 21, 1),
(22, 22, 1),
(23, 23, 1),
(24, 24, 1),
(25, 25, 1),
(26, 26, 1),
(27, 27, 1),
(28, 28, 1),
(29, 29, 1),
(30, 30, 1),
(31, 31, 1),
(32, 32, 1),
(33, 33, 1),
(34, 34, 1),
(35, 35, 1),
(36, 36, 1),
(37, 37, 1),
(38, 38, 1),
(39, 39, 1),
(40, 40, 1),
(41, 41, 1),
(42, 42, 1),
(43, 43, 1),
(44, 44, 1),
(45, 45, 1),
(46, 46, 1),
(47, 47, 1),
(48, 48, 1),
(49, 49, 1),
(50, 50, 1),
(51, 1, 1),
(52, 2, 1),
(53, 3, 1),
(54, 4, 1),
(55, 5, 1),
(56, 6, 1),
(57, 7, 1),
(58, 8, 1),
(59, 9, 1),
(60, 10, 1),
(61, 11, 1),
(62, 12, 1),
(63, 13, 1),
(64, 14, 1),
(65, 15, 1),
(66, 16, 1),
(67, 17, 1),
(68, 18, 1),
(69, 19, 1),
(70, 20, 1),
(71, 21, 1),
(72, 22, 1),
(73, 23, 1),
(74, 24, 1),
(75, 25, 1),
(76, 26, 1),
(77, 27, 1),
(78, 28, 1),
(79, 29, 1),
(80, 30, 1),
(81, 31, 1),
(82, 32, 1),
(83, 33, 1),
(84, 34, 1),
(85, 35, 1),
(86, 36, 1),
(87, 37, 1),
(88, 38, 1),
(89, 39, 1),
(90, 40, 1),
(91, 41, 1),
(92, 42, 1),
(93, 43, 1),
(94, 44, 1),
(95, 45, 1),
(96, 46, 1),
(97, 47, 1),
(98, 48, 1),
(99, 49, 1),
(100, 50, 1);


INSERT INTO Facturas (IdTicket, MontoTotal, FechaEmision, EstadoPago)
VALUES 
(1, 1500.00, '2023-01-01', 'Pagado'),
(2, 1400.00, '2023-01-02', 'Pendiente'),
(3, 1100.00, '2023-01-03', 'Pagado'),
(4, 1250.00, '2023-01-04', 'Pendiente'),
(5, 1400.00, '2023-01-05', 'Pagado'),
(6, 1700.00, '2023-01-06', 'Pendiente'),
(7, 1600.00, '2023-01-07', 'Pagado'),
(8, 1200.00, '2023-01-08', 'Pendiente'),
(9, 1450.00, '2023-01-09', 'Pagado'),
(10, 1800.00, '2023-01-10', 'Pendiente'),
(11, 1350.00, '2023-01-11', 'Pagado'),
(12, 1150.00, '2023-01-12', 'Pendiente'),
(13, 1500.00, '2023-01-13', 'Pagado'),
(14, 1400.00, '2023-01-14', 'Pendiente'),
(15, 1300.00, '2023-01-15', 'Pagado'),
(16, 1600.00, '2023-01-16', 'Pendiente'),
(17, 1700.00, '2023-01-17', 'Pagado'),
(18, 1800.00, '2023-01-18', 'Pendiente'),
(19, 1250.00, '2023-01-19', 'Pagado'),
(20, 1550.00, '2023-01-20', 'Pendiente'),
(21, 1450.00, '2023-01-21', 'Pagado'),
(22, 1300.00, '2023-01-22', 'Pendiente'),
(23, 1600.00, '2023-01-23', 'Pagado'),
(24, 1750.00, '2023-01-24', 'Pendiente'),
(25, 1450.00, '2023-01-25', 'Pagado'),
(26, 1300.00, '2023-01-26', 'Pendiente'),
(27, 1650.00, '2023-01-27', 'Pagado'),
(28, 1350.00, '2023-01-28', 'Pendiente'),
(29, 1200.00, '2023-01-29', 'Pagado'),
(30, 1750.00, '2023-01-30', 'Pendiente'),
(31, 1500.00, '2023-01-31', 'Pagado'),
(32, 1400.00, '2023-02-01', 'Pendiente'),
(33, 1600.00, '2023-02-02', 'Pagado'),
(34, 1700.00, '2023-02-03', 'Pendiente'),
(35, 1550.00, '2023-02-04', 'Pagado'),
(36, 1400.00, '2023-02-05', 'Pendiente'),
(37, 1800.00, '2023-02-06', 'Pagado'),
(38, 1750.00, '2023-02-07', 'Pendiente'),
(39, 1650.00, '2023-02-08', 'Pagado'),
(40, 1500.00, '2023-02-09', 'Pendiente'),
(41, 1300.00, '2023-02-10', 'Pagado'),
(42, 1150.00, '2023-02-11', 'Pendiente'),
(43, 1450.00, '2023-02-12', 'Pagado'),
(44, 1600.00, '2023-02-13', 'Pendiente'),
(45, 1800.00, '2023-02-14', 'Pagado'),
(46, 1700.00, '2023-02-15', 'Pendiente'),
(47, 1250.00, '2023-02-16', 'Pagado'),
(48, 1500.00, '2023-02-17', 'Pendiente'),
(49, 1400.00, '2023-02-18', 'Pagado'),
(50, 1300.00, '2023-02-19', 'Pendiente'),
(51, 1550.00, '2023-02-20', 'Pagado'),
(52, 1400.00, '2023-02-21', 'Pendiente'),
(53, 1600.00, '2023-02-22', 'Pagado'),
(54, 1700.00, '2023-02-23', 'Pendiente'),
(55, 1250.00, '2023-02-24', 'Pagado'),
(56, 1450.00, '2023-02-25', 'Pendiente'),
(57, 1350.00, '2023-02-26', 'Pagado'),
(58, 1550.00, '2023-02-27', 'Pendiente'),
(59, 1600.00, '2023-02-28', 'Pagado'),
(60, 1450.00, '2023-03-01', 'Pendiente'),
(61, 1700.00, '2023-03-02', 'Pagado'),
(62, 1750.00, '2023-03-03', 'Pendiente'),
(63, 1500.00, '2023-03-04', 'Pagado'),
(64, 1400.00, '2023-03-05', 'Pendiente'),
(65, 1650.00, '2023-03-06', 'Pagado'),
(66, 1300.00, '2023-03-07', 'Pendiente'),
(67, 1200.00, '2023-03-08', 'Pagado'),
(68, 1550.00, '2023-03-09', 'Pendiente'),
(69, 1450.00, '2023-03-10', 'Pagado'),
(70, 1700.00, '2023-03-11', 'Pendiente'),
(71, 1600.00, '2023-03-12', 'Pagado'),
(72, 1800.00, '2023-03-13', 'Pendiente'),
(73, 1300.00, '2023-03-14', 'Pagado'),
(74, 1400.00, '2023-03-15', 'Pendiente'),
(75, 1650.00, '2023-03-16', 'Pagado'),
(76, 1550.00, '2023-03-17', 'Pendiente'),
(77, 1200.00, '2023-03-18', 'Pagado'),
(78, 1450.00, '2023-03-19', 'Pendiente'),
(79, 1700.00, '2023-03-20', 'Pagado'),
(80, 1800.00, '2023-03-21', 'Pendiente'),
(81, 1300.00, '2023-03-22', 'Pagado'),
(82, 1400.00, '2023-03-23', 'Pendiente'),
(83, 1650.00, '2023-03-24', 'Pagado'),
(84, 1750.00, '2023-03-25', 'Pendiente'),
(85, 1600.00, '2023-03-26', 'Pagado'),
(86, 1450.00, '2023-03-27', 'Pendiente'),
(87, 1700.00, '2023-03-28', 'Pagado'),
(88, 1800.00, '2023-03-29', 'Pendiente'),
(89, 1300.00, '2023-03-30', 'Pagado'),
(90, 1400.00, '2023-03-31', 'Pendiente'),
(91, 1550.00, '2023-04-01', 'Pagado'),
(92, 1600.00, '2023-04-02', 'Pendiente'),
(93, 1450.00, '2023-04-03', 'Pagado'),
(94, 1700.00, '2023-04-04', 'Pendiente'),
(95, 1800.00, '2023-04-05', 'Pagado'),
(96, 1300.00, '2023-04-06', 'Pendiente'),
(97, 1500.00, '2023-04-07', 'Pagado'),
(98, 1650.00, '2023-04-08', 'Pendiente'),
(99, 1750.00, '2023-04-09', 'Pagado'),
(100, 1600.00, '2023-04-10', 'Pendiente');


